"","logFC","logCPM","LR","PValue","FDR"
"ENSMUSG00000034936",-1.62037435130022,2.90751857949046,97.385811851087,5.70533843933401e-23,1.07414406797341e-18
"ENSMUSG00000023034",4.23226719787467,0.478031112691746,56.1757776920121,6.62729871357909e-14,6.23860764402767e-10
"ENSMUSG00000047492",1.3714560645991,4.91693937019142,43.4075281112376,4.44474871617347e-11,2.78937613597993e-07
"ENSMUSG00000032515",1.86882110924072,2.72492007552964,40.678384661499,1.79461367244769e-10,6.85259050778372e-07
"ENSMUSG00000030762",-2.46063831735522,3.62345576418034,40.6510612241122,1.81988381255211e-10,6.85259050778372e-07
"ENSMUSG00000037797",-1.67407077265366,4.89223842210161,39.3580906341717,3.52788075230532e-10,1.10699018206087e-06
"ENSMUSG00000047822",1.76074353021606,4.88885186411042,37.9398371155091,7.2960137855644e-10,1.96231502201173e-06
"ENSMUSG00000029135",1.17838829297416,2.66370098667199,37.5216517417125,9.04038369623088e-10,2.12754129811174e-06
"ENSMUSG00000048489",-2.59990574509352,2.80798448233188,37.0015357368099,1.18036241348376e-09,2.46918701762875e-06
"ENSMUSG00000031258",3.18271775857215,0.765086660534338,35.0432678186501,3.22459888621949e-09,5.61282926264744e-06
"ENSMUSG00000070044",-1.13780115457844,3.03101700054008,35.0104581609407,3.27939246237435e-09,5.61282926264744e-06
"ENSMUSG00000003134",1.28795428886191,2.99217155239296,34.6752045204217,3.89561975695996e-09,6.11190276369043e-06
"ENSMUSG00000028680",1.96405431094412,3.82489198473123,34.4424353207332,4.39045840611101e-09,6.35839695475785e-06
"ENSMUSG00000038092",-4.55030302554598,5.29237583111651,31.9064933280543,1.61775455980939e-08,2.17553322125224e-05
"ENSMUSG00000030364",-3.61529084676551,1.10579626787915,31.6935935367627,1.80516694422569e-08,2.26572520392914e-05
"ENSMUSG00000027397",1.29006103791406,4.39148388329522,31.4436078012176,2.05317427853037e-08,2.41594450886821e-05
"ENSMUSG00000025936",-2.870142988634,1.40193658257774,31.106356478099,2.44270166540774e-08,2.70522025027244e-05
"ENSMUSG00000037411",2.87965690585802,0.388819825127142,29.9710598301806,4.38542877567946e-08,4.58691486442873e-05
"ENSMUSG00000026944",-1.05666060661698,4.14081768054309,29.6447266266198,5.18936113916127e-08,4.90447154865637e-05
"ENSMUSG00000095186",5.7370090697438,-1.17719133865414,29.6370175184387,5.21004041924509e-08,4.90447154865637e-05
"ENSMUSG00000020715",-0.846429368985037,4.62087374180526,29.333231903731,6.09415685852463e-08,5.46355672264015e-05
"ENSMUSG00000096519",5.74640473984547,0.168158388552176,28.4228190091174,9.75091867407432e-08,7.98432293169558e-05
"ENSMUSG00000075014",5.63000826412337,2.49145579599817,28.2646867368502,1.05808758576132e-07,7.98432293169558e-05
"ENSMUSG00000095388",-2.85071877422558,3.06290306900855,28.260791448657,1.06021899475352e-07,7.98432293169558e-05
"ENSMUSG00000095143",-2.85071877444839,3.06290306900855,28.2607852118036,1.06022241085882e-07,7.98432293169558e-05
"ENSMUSG00000097312",5.56290664003822,2.20314762577905,28.0667807069028,1.17200434279182e-07,8.48666375451603e-05
"ENSMUSG00000075015",5.70155238367341,0.488901779008138,27.4604279651823,1.60341962352634e-07,0.000109885949804529
"ENSMUSG00000027171",2.53365669112137,-1.34312806810539,27.4235932070292,1.6342521880952e-07,0.000109885949804529
"ENSMUSG00000035621",0.925615744798966,4.0490400350817,27.3514181193248,1.69639991313511e-07,0.000110131452291706
"ENSMUSG00000053113",2.24196013487344,4.10663919339781,26.8683662637865,2.17794708416134e-07,0.000136680699178352
"ENSMUSG00000003032",1.69546808192532,0.397022024841096,26.6273164456842,2.46730551121095e-07,0.000145442535949598
"ENSMUSG00000096201",5.31116841128295,0.389694358507222,26.6235912035576,2.47206732373036e-07,0.000145442535949598
"ENSMUSG00000023031",-1.46922819350553,1.5644368399489,26.3938928290225,2.78419402515782e-07,0.000158842487611049
"ENSMUSG00000030849",-1.07923492637465,3.76711740848323,26.1796331444595,3.11086329054347e-07,0.000172259479914888
"ENSMUSG00000090817",-2.57785670690321,2.7076837966861,25.8067309939145,3.77370148023149e-07,0.000202992793623766
"ENSMUSG00000024335",0.824187199414184,5.58889687044078,25.7491608050238,3.88796035988857e-07,0.000203329526932283
"ENSMUSG00000030946",0.981691467152746,4.31993703045631,25.6273249994527,4.14133282576596e-07,0.000210726684082962
"ENSMUSG00000044948",1.18382309732969,1.26812972579382,25.2629277691728,5.00231538275498e-07,0.000247838399239811
"ENSMUSG00000091028",5.37395796320538,0.584157173377286,25.0565676910181,5.567280535276e-07,0.000268756899070875
"ENSMUSG00000034591",-1.87846651610005,4.46761446570362,24.7699507139227,6.45966992386922e-07,0.000296653742793382
"ENSMUSG00000095891",5.08495478404299,1.95886595992339,24.7697632487462,6.46029821773445e-07,0.000296653742793382
"ENSMUSG00000030096",-0.873900424428754,5.42045021737461,24.6196691210629,6.98352856754647e-07,0.000313044981764756
"ENSMUSG00000029771",-1.19335197809698,2.3918890340757,24.4895480852343,7.47140380096417e-07,0.000327125858978494
"ENSMUSG00000097554",1.07781486988453,5.34173692047929,24.4202916515599,7.74486283321164e-07,0.000331392119456535
"ENSMUSG00000053581",0.842104467560459,3.16892170884256,23.8746410158999,1.02817298393322e-06,0.000418622133995277
"ENSMUSG00000020261",-0.904972646021769,3.24026540993662,23.8562664244666,1.038034124358e-06,0.000418622133995277
"ENSMUSG00000008384",1.20192692635319,1.43269600049957,23.8432915609504,1.0450544589036e-06,0.000418622133995277
"ENSMUSG00000029167",1.22496948143996,2.80133788283059,23.5380727145446,1.22466240371799e-06,0.000480348314058303
"ENSMUSG00000029650",-1.30083495928113,3.63901216609311,23.2970850764887,1.38810217745908e-06,0.000533342850918817
"ENSMUSG00000090698",1.63010212791687,0.568551145142196,23.1095187065327,1.53031242910737e-06,0.000576223842056091
"ENSMUSG00000060613",-2.87783668482568,6.8774024099056,22.8267226529627,1.77283486860049e-06,0.000654454158257674
"ENSMUSG00000102269",-2.2355612682169,-1.0991177074928,22.6891748653781,1.90437701914034e-06,0.000689494348833753
"ENSMUSG00000081067",-3.26026145864473,1.85382368829578,22.5274984909334,2.07156836281585e-06,0.000735875803145926
"ENSMUSG00000072964",1.65154937432169,1.07004721057853,22.4231145567021,2.18725790022959e-06,0.000762583416437454
"ENSMUSG00000022091",1.01340916331169,2.97349859577068,22.1054620392598,2.58074392696974e-06,0.00088341210751017
"ENSMUSG00000027883",-0.80268453956917,2.41987539271255,21.8500709537389,2.94805698886407e-06,0.000991126230881141
"ENSMUSG00000024236",-0.865331089368859,3.48780657766282,21.8105618995057,3.0093896002178e-06,0.000993996105321061
"ENSMUSG00000062410",-1.25302563519639,5.36772648681598,21.7370392750218,3.12695244293777e-06,0.00101501954557223
"ENSMUSG00000095547",5.05023002711024,0.670633951187681,21.7005660516376,3.18697227945317e-06,0.00101696825602144
"ENSMUSG00000024131",-1.10321341368617,3.47933014334116,21.6114364642009,3.33855210096393e-06,0.00104446147128174
"ENSMUSG00000063830",-3.2281085793259,0.706439357291218,21.585455415277,3.38408401488214e-06,0.00104446147128174
"ENSMUSG00000024042",1.3160911998164,3.17622407244814,21.5496932895869,3.44777820707615e-06,0.00104695677910682
"ENSMUSG00000035372",1.09829568830294,3.56032823047518,21.5025578716628,3.53357020163086e-06,0.00105597660612864
"ENSMUSG00000033295",-0.857955283444108,5.84365129195002,21.4331087785118,3.66389460818293e-06,0.00107781474669156
"ENSMUSG00000039114",-1.17038741402678,5.90038616946574,21.3866945600828,3.75367126207386e-06,0.00108723644386253
"ENSMUSG00000032501",0.948670448388127,4.92609092315459,21.2322696306761,4.06856534511155e-06,0.00116058908715781
"ENSMUSG00000052117",-1.69692215583988,1.54490192374374,21.1698434928416,4.20326492869071e-06,0.00118111744496209
"ENSMUSG00000026576",1.12037504431906,4.01516040095703,21.087773094994,4.38718547027602e-06,0.00121466971836598
"ENSMUSG00000112774",-1.52786208971175,0.758596776667657,20.7890162760165,5.12761987868249e-06,0.00139909709356457
"ENSMUSG00000101262",0.957384896546083,6.92754512985041,20.6949795747529,5.38570245003902e-06,0.00144852314324121
"ENSMUSG00000095280",5.56022456495571,1.25920736074084,20.3852144559075,6.33171146941479e-06,0.00167897368781229
"ENSMUSG00000005514",1.15925723725517,7.2946244717541,20.0723750252527,7.45659936496252e-06,0.00194898117952341
"ENSMUSG00000099875",1.09344501520021,2.5084235522508,20.0394297491253,7.58616913333328e-06,0.00194898117952341
"ENSMUSG00000057103",-1.44672305730474,5.00507120002471,19.9995745889049,7.74593951944993e-06,0.00194898117952341
"ENSMUSG00000040891",0.773365567415324,5.67203684868417,19.9951114196396,7.76404039221626e-06,0.00194898117952341
"ENSMUSG00000074398",4.28684567113553,-0.271905568327092,19.9381589695258,7.99878009304293e-06,0.00198148727383841
"ENSMUSG00000042807",0.791637921103743,2.83633769207874,19.8526561925636,8.36464238391652e-06,0.00202095306320502
"ENSMUSG00000104528",2.48205121397204,-0.609392008383172,19.8507972673293,8.37278052424665e-06,0.00202095306320502
"ENSMUSG00000026730",-0.998816269976494,4.50870713905633,19.7677384669719,8.74463091603035e-06,0.00208398944627979
"ENSMUSG00000024694",-1.95888190899611,5.10754621110658,19.6822122908143,9.14486457179605e-06,0.00215212956616505
"ENSMUSG00000038859",0.763057052730604,3.16067673382212,19.4934133348385,1.00947170040006e-05,0.00234633625968295
"ENSMUSG00000032009",-0.616345157381876,4.24791163394289,19.2928096507766,1.12127814257039e-05,0.00257442726709424
"ENSMUSG00000003228",-1.09294174709121,0.605966482642072,19.1016721690825,1.23936251982654e-05,0.00281126242900894
"ENSMUSG00000045312",-0.877884918987861,2.13214978198157,19.068786945251,1.2609033619657e-05,0.00282607471377718
"ENSMUSG00000074564",5.29424135383965,0.376689754863876,19.0326575176429,1.28500298380245e-05,0.00284620602071161
"ENSMUSG00000100033",0.932479194389238,7.04040884159904,18.8847559001972,1.388578713422e-05,0.00303985714390651
"ENSMUSG00000039831",-0.689350022419643,4.88569434018303,18.839533114972,1.42189215573099e-05,0.00307700731217785
"ENSMUSG00000027048",-1.05013826395063,7.89288646594214,18.8056518623894,1.44737580187997e-05,0.00309656184340842
"ENSMUSG00000098002",-3.13010845488057,-0.0955640628920995,18.7778334638323,1.46864188435394e-05,0.00310675514120581
"ENSMUSG00000100025",0.89141649931962,5.40525481598973,18.7093129541272,1.52237140140173e-05,0.00317429649036531
"ENSMUSG00000020142",-1.30627830661728,0.658728181443759,18.6944413849259,1.53429107464409e-05,0.00317429649036531
"ENSMUSG00000026526",0.850961917391625,6.49926108937033,18.6554290859201,1.5660071235055e-05,0.00320469740372153
"ENSMUSG00000030278",3.27959677240443,2.49031946190857,18.6160834176727,1.59866126296484e-05,0.00322391097401035
"ENSMUSG00000026639",1.71624030114781,1.58066401116911,18.5878339386641,1.62252734874932e-05,0.00322391097401035
"ENSMUSG00000024222",1.13587172155882,5.59649032490795,18.5828585511476,1.62676763441326e-05,0.00322391097401035
"ENSMUSG00000006782",-0.888560289889337,1.46426912957479,18.5277472909707,1.67448746461789e-05,0.00326379118963398
"ENSMUSG00000059811",0.824236150639349,5.54283147959212,18.5197110955678,1.68156235934825e-05,0.00326379118963398
"ENSMUSG00000108799",-1.11352285175656,3.5732167746729,18.4658062353745,1.72980158181774e-05,0.0033133545552433
"ENSMUSG00000098142",-1.99264951616844,2.09281258926852,18.449408911463,1.74474941137654e-05,0.0033133545552433
"ENSMUSG00000050541",-1.12822956848205,3.4011889407109,18.4275141971764,1.76491116837941e-05,0.0033133545552433
"ENSMUSG00000037035",1.8854925385796,1.80801881123478,18.3969351118182,1.79346223701433e-05,0.0033133545552433
"ENSMUSG00000039917",0.964026732206542,2.52435134190982,18.3952032758051,1.79509302934518e-05,0.0033133545552433
"ENSMUSG00000027829",0.722245719463598,2.88432059236293,18.3481305816444,1.83999436490083e-05,0.0033575221420319
"ENSMUSG00000028064",-0.627172397586046,3.9963820463586,18.3329756130811,1.85468902518361e-05,0.0033575221420319
"ENSMUSG00000049657",-0.640964711537283,2.95479576350523,18.2056327239578,1.98291523786422e-05,0.00355546144602569
"ENSMUSG00000032350",-1.07412749856075,6.32753086846639,18.1569771106748,2.03422763181925e-05,0.00361305694568501
"ENSMUSG00000042041",2.08899233888591,3.16938097108353,18.1209254337869,2.07310642789097e-05,0.00364769857176665
"ENSMUSG00000038459",-0.59745235635529,4.2060309244741,18.0400082614882,2.16310914506044e-05,0.00377081998833824
"ENSMUSG00000024292",-1.34408233358852,5.243080122417,18.0135969396708,2.19332771711301e-05,0.00378842026881529
"ENSMUSG00000041762",-0.769723133925695,3.76118765807932,17.9182981135387,2.30593400891763e-05,0.00394671087144474
"ENSMUSG00000031523",-0.671898482706665,4.48747520553461,17.7090869222745,2.57394086871102e-05,0.00436572835452454
"ENSMUSG00000039886",0.961058000838745,4.02990441765026,17.6545199155612,2.64885042307373e-05,0.00445267026028653
"ENSMUSG00000024900",1.0280147838645,8.01901412274547,17.4953707822998,2.88008096017073e-05,0.00479852072894993
"ENSMUSG00000033147",-0.687824476482877,1.99969728101761,17.4123290145107,3.00868089894158e-05,0.0049622770846014
"ENSMUSG00000039202",1.31137676381802,7.35041902814918,17.3982292146251,3.0310823005745e-05,0.0049622770846014
"ENSMUSG00000078817",0.890018156774001,5.38973619176837,17.3303611764419,3.14127718479096e-05,0.0050983470308672
"ENSMUSG00000108873",-3.80972871610264,-0.672517219490554,17.2758411522516,3.23270926282976e-05,0.00520189891378597
"ENSMUSG00000014426",-0.585870370989039,3.1988489685109,17.1088042590476,3.52982929263464e-05,0.00561226807046091
"ENSMUSG00000105452",1.02777458031118,1.01079226770231,17.0993996360341,3.54735167782891e-05,0.00561226807046091
"ENSMUSG00000093651",-2.79026664153832,2.44222619580882,16.8864314706327,3.96842479830819e-05,0.00619513027767128
"ENSMUSG00000045775",1.97264163697884,3.81605747335015,16.8201952087969,4.10936508545709e-05,0.00619513027767128
"ENSMUSG00000040170",1.448076916301,4.23324245679324,16.8168379408389,4.11664133883744e-05,0.00619513027767128
"ENSMUSG00000111875",-2.01743174833912,1.31295177396065,16.8142899706985,4.12217223361842e-05,0.00619513027767128
"ENSMUSG00000056666",1.66984930793054,8.54768361020454,16.8054835249765,4.14134603406423e-05,0.00619513027767128
"ENSMUSG00000027869",-1.21386347695839,2.94616589969309,16.7958261190974,4.16247567326525e-05,0.00619513027767128
"ENSMUSG00000090877",2.32645716054918,5.2619621245233,16.7892675479768,4.17688706821908e-05,0.00619513027767128
"ENSMUSG00000075391",-0.926175753691829,4.82942970795587,16.7883049423581,4.17900645490122e-05,0.00619513027767128
"ENSMUSG00000053846",1.51339065909826,3.48299841186757,16.7449565000838,4.27557655159184e-05,0.00625355212672925
"ENSMUSG00000034248",-0.704476965295444,3.39341270967595,16.7408468893959,4.2848474231055e-05,0.00625355212672925
"ENSMUSG00000052562",-1.39545394487486,5.38405100978533,16.5729284781071,4.68145270630008e-05,0.00677982385396243
"ENSMUSG00000026390",2.8010721681231,1.60972323990219,16.5418778548352,4.75873763263945e-05,0.00683914148165671
"ENSMUSG00000083482",-2.05322334192276,-0.36320432988939,16.5181234016101,4.81872744857504e-05,0.00687289255108502
"ENSMUSG00000026880",-0.576179478000242,4.08852049040755,16.4635586851068,4.95942132115636e-05,0.00694309898941784
"ENSMUSG00000058454",-1.09170630088304,3.49337157627947,16.4585339721643,4.97258332275061e-05,0.00694309898941784
"ENSMUSG00000036611",-0.902869157207986,2.41254983325291,16.4562468803103,4.97858587970154e-05,0.00694309898941784
"ENSMUSG00000063730",-0.797845344154336,5.24419525050024,16.4102366741844,5.10090105980901e-05,0.0070613723715459
"ENSMUSG00000027762",-1.34035187884832,2.55747375085967,16.395374589635,5.14105312331078e-05,0.00706500782135562
"ENSMUSG00000022129",-1.78087414430894,0.0402157438134188,16.3326174886357,5.31413510537682e-05,0.00724994359629923
"ENSMUSG00000041272",1.1950565116735,1.04742749233484,16.2951954106096,5.42012059017607e-05,0.00734133887419028
"ENSMUSG00000024987",-2.9445536623887,1.21754201878878,16.274401221396,5.47992924846877e-05,0.00736933056863726
"ENSMUSG00000063590",-1.39715748326505,4.52794614502825,16.2548049041674,5.53689988646496e-05,0.00739313575620396
"ENSMUSG00000002265",1.13161433293593,2.84105780017193,16.2166218736567,5.64962271765115e-05,0.00749052442994494
"ENSMUSG00000080763",-2.26062628247523,-0.0767251580875092,16.2003043020699,5.6984961681582e-05,0.00750248862642758
"ENSMUSG00000090001",-2.22332179400085,-1.084035280272,16.1605390895449,5.81938679978388e-05,0.00754087559054255
"ENSMUSG00000028167",-1.10238584431374,1.01649501492459,16.15424104812,5.83876875131008e-05,0.00754087559054255
"ENSMUSG00000084231",-3.16266443938545,-0.672058577945281,16.1513092260567,5.84781343931169e-05,0.00754087559054255
"ENSMUSG00000107951",0.976883847841782,8.92825720983543,16.0850427766087,6.05604709932539e-05,0.00775128151346132
"ENSMUSG00000033917",0.6255159529876,4.31551079749018,16.0734230690675,6.09332163378273e-05,0.00775128151346132
"ENSMUSG00000047617",-1.33404075866404,1.98100101613586,16.0421583725373,6.19476448798984e-05,0.00782743832318018
"ENSMUSG00000089634",-1.39624392022162,2.63485065103431,15.9754065578559,6.41707190839009e-05,0.00802549364851861
"ENSMUSG00000022853",1.81306496422887,8.40018981467122,15.9696062398221,6.43676390782552e-05,0.00802549364851861
"ENSMUSG00000035811",-1.00390473470227,7.05310679287854,15.945906665321,6.51785717576872e-05,0.00807313796369722
"ENSMUSG00000039989",0.774813829588272,2.18309444649848,15.8655548888207,6.80052502103422e-05,0.00836820160594845
"ENSMUSG00000100801",0.948948856600224,4.37975491505891,15.7843142183656,7.09886105740392e-05,0.00867858812517815
"ENSMUSG00000038550",2.53293129567607,1.69609155932294,15.734893498584,7.28675144931834e-05,0.00883095084286962
"ENSMUSG00000068877",-1.86523114656496,7.76007883950816,15.7266909464609,7.31841692269982e-05,0.00883095084286962
"ENSMUSG00000097354",-0.950717378258101,2.17948307705366,15.7148924714016,7.36420716168551e-05,0.00883095084286962
"ENSMUSG00000081597",0.837506891312742,2.78234227572752,15.6644774163763,7.56313909669701e-05,0.00901210251731105
"ENSMUSG00000001576",-0.599729034632338,4.4638933021243,15.6319470637151,7.69436084431206e-05,0.00911080073055743
"ENSMUSG00000019122",-0.796693223863312,4.45216274329311,15.5494804504193,8.0373732609369e-05,0.00936196457153592
"ENSMUSG00000105696",-1.96512495836443,1.68339614607159,15.548709511984,8.0406514510358e-05,0.00936196457153592
"ENSMUSG00000106129",-1.965125408712,1.68391019142955,15.5451850117177,8.05565549789567e-05,0.00936196457153592
"ENSMUSG00000039934",-0.877742272253021,2.90940369250518,15.479675023413,8.33972097131082e-05,0.0096326335415257
"ENSMUSG00000075044",-1.41255542142872,2.69298397979912,15.4497963734523,8.47260711784293e-05,0.00972644964680664
"ENSMUSG00000091971",2.19105595425707,4.5899987885206,15.308232803314,9.13176633173913e-05,0.0104059159755176
"ENSMUSG00000030545",0.891597059458967,4.52192708199291,15.2993051328578,9.17502550558203e-05,0.0104059159755176
"ENSMUSG00000019082",1.08458742417424,6.44590958134224,15.2594585165576,9.3706310813896e-05,0.0105641240340911
"ENSMUSG00000090610",-2.4197103702752,4.18244901835794,15.1782249517687,9.78250040481978e-05,0.0109368344808571
"ENSMUSG00000032349",1.3375876527845,7.87881458838646,15.1714973779406,9.81741662115501e-05,0.0109368344808571
"ENSMUSG00000080996",-1.56677870185687,0.117535962857201,15.099594839498,0.000101985174981822,0.01120802887657
"ENSMUSG00000090021",-0.699767881113528,2.37467689875506,15.0844043511924,0.000102809167999264,0.01120802887657
"ENSMUSG00000005373",-0.989811495744837,4.16975831693311,15.0829626088221,0.000102887721181291,0.01120802887657
"ENSMUSG00000066441",-1.60732715075468,4.10257655803189,15.0792080487224,0.000103092571588277,0.01120802887657
"ENSMUSG00000083270",0.853284649214294,2.45086386437784,15.0531506919147,0.000104525627374312,0.01120802887657
"ENSMUSG00000040740",0.968487908269707,1.7027940260359,15.0435935745131,0.000105056243213383,0.01120802887657
"ENSMUSG00000037287",-0.70532337667951,4.57344876914576,15.0384400510312,0.000105343493560665,0.01120802887657
"ENSMUSG00000110350",-3.35799830140008,-0.440962808020927,15.0341685261699,0.000105582181544197,0.01120802887657
"ENSMUSG00000028211",1.23057463385279,6.86505858377261,15.0273132391622,0.000105966385511736,0.01120802887657
"ENSMUSG00000070056",-0.692786506993407,3.65619631286749,14.9611278247268,0.000109748890567414,0.0115403502844371
"ENSMUSG00000041261",-0.8235444501772,4.7575237777976,14.9510908182257,0.000110334256716347,0.0115403502844371
"ENSMUSG00000089791",-1.52459293554174,-0.255506904538778,14.92848637393,0.000111664099964558,0.0115919651052413
"ENSMUSG00000037440",1.35282783061218,4.87969674748346,14.9218235348113,0.000112059151705206,0.0115919651052413
"ENSMUSG00000033114",-0.78565159998432,2.8254801916645,14.9032291826076,0.000113169101530374,0.0116428124290292
"ENSMUSG00000043671",-1.61572226066767,1.45227148272184,14.8034537832969,0.000119316778606834,0.0122085706023416
"ENSMUSG00000021416",0.713340043675339,3.45360147185383,14.7327897279709,0.000123873107412848,0.0126062648284416
"ENSMUSG00000047139",-2.16371341606895,0.111714054450676,14.6957531452889,0.000126330730522004,0.0127872508792353
"ENSMUSG00000080839",0.780950397747778,3.74677516843429,14.6804476755057,0.000127360629562601,0.012822559212701
"ENSMUSG00000111074",-2.22195423720876,-1.6436422212541,14.6537774973331,0.000129175494626837,0.012936101262444
"ENSMUSG00000060795",0.745392979392545,3.62551503306633,14.6278537306426,0.000130964519244649,0.0130458677450741
"ENSMUSG00000024165",-0.714293786992265,3.41610312588657,14.5578610892395,0.000135920379678983,0.0134682788853485
"ENSMUSG00000037712",-0.639986294814826,5.2426744359026,14.5443497886786,0.000136898579950947,0.0134941862028088
"ENSMUSG00000053617",-0.578122082800831,4.33575623795546,14.5263733499145,0.000138211048268837,0.0135526010716531
"ENSMUSG00000006445",1.15237940032285,3.77180949139659,14.5015278268529,0.000140045913965566,0.0135565456636032
"ENSMUSG00000031974",-0.786813120779259,3.63546284134135,14.4964437484351,0.000140424390421812,0.0135565456636032
"ENSMUSG00000075245",-1.39391821606178,3.00487963162231,14.4918271058788,0.00014076896144467,0.0135565456636032
"ENSMUSG00000071076",0.706496103079641,3.19063137024997,14.4869818559527,0.000141131510600001,0.0135565456636032
"ENSMUSG00000047496",-0.972023519679766,2.6413682584578,14.421314251481,0.000146138873960614,0.0139620417331747
"ENSMUSG00000020123",-0.822294411040534,3.55731359579909,14.4123501506139,0.000146836153565018,0.0139620417331747
"ENSMUSG00000044254",-2.51190904421273,3.69672205397775,14.3888091681058,0.000148683300373413,0.0140666356589459
"ENSMUSG00000027173",-0.760187498040005,3.28253100065558,14.3712928792349,0.000150072885470428,0.0140995315819399
"ENSMUSG00000036138",1.0152360910891,7.62412542397311,14.3655813679766,0.000150528806924625,0.0140995315819399
"ENSMUSG00000029657",1.00310861596451,4.29804186710866,14.3339777999937,0.000153076890897196,0.0142095144992284
"ENSMUSG00000105315",-1.38235227985427,0.513405768772552,14.3282884123199,0.000153540198560618,0.0142095144992284
"ENSMUSG00000037169",-3.05960575665013,-1.63194535867676,14.3230598367284,0.000153967225678153,0.0142095144992284
"ENSMUSG00000015656",1.04199336488882,10.3190349947719,14.256940687214,0.000159471624733523,0.0146457184334539
"ENSMUSG00000026249",-1.31375824581396,0.111016945058385,14.235630298966,0.000161287606112052,0.0147405910692796
"ENSMUSG00000049550",0.538763222070595,4.91746626573097,14.1498983530952,0.00016880622492487,0.0152812770631318
"ENSMUSG00000020706",0.548500985343584,4.69814519631478,14.1466891715501,0.000169094421899072,0.0152812770631318
"ENSMUSG00000084331",-2.52239516462087,1.64929408377602,14.1406439574145,0.000169638652265074,0.0152812770631318
"ENSMUSG00000026614",-0.656467271915192,4.32171484534222,14.1118525736949,0.000172254953147428,0.0154430666805077
"ENSMUSG00000031808",1.41188361829175,2.96047397558706,14.0827665107607,0.000174939305017358,0.0155538239702751
"ENSMUSG00000070644",0.776247267815752,7.09685699927895,14.0805815264351,0.00017514265053903,0.0155538239702751
"ENSMUSG00000093798",0.920487334172341,9.07523826782424,14.0712993580072,0.000176009152640511,0.0155573911585113
"ENSMUSG00000082157",-2.96716488796339,-1.0229130903139,14.0198131653624,0.000180894455172338,0.0159144855492038
"ENSMUSG00000020538",-1.79469586744792,5.64990258238759,14.0071122427907,0.000182120450135562,0.0159478219288476
"ENSMUSG00000020917",-0.912255736933126,5.89365636844789,13.9921389429143,0.000183576547717329,0.0160009058512692
"ENSMUSG00000017167",2.33209876164816,0.371549858146147,13.9786930359054,0.00018489410324245,0.0160414805610397
"ENSMUSG00000106421",-1.31261201297958,1.59354457220978,13.9594374311176,0.00018679755347355,0.0160765577070906
"ENSMUSG00000038393",-0.612495725005298,4.65547570930857,13.9456569137113,0.000188171888809168,0.0160765577070906
"ENSMUSG00000038217",-0.792695970022944,5.06063704801407,13.943539015533,0.000188384008601418,0.0160765577070906
"ENSMUSG00000022512",-0.823001856540875,5.06576808116148,13.9402485954537,0.000188714041178469,0.0160765577070906
"ENSMUSG00000031167",0.947045041317514,4.14615084121151,13.921731381825,0.000190582228716817,0.0160833700374973
"ENSMUSG00000066640",-0.585024202603643,2.44680001984532,13.9180029198184,0.000190960637814584,0.0160833700374973
"ENSMUSG00000020097",-0.539614524365838,4.68295255225099,13.9058431871311,0.000192200020938137,0.0160833700374973
"ENSMUSG00000111282",2.68076079523558,4.02829514112078,13.9052628157856,0.000192259377594568,0.0160833700374973
"ENSMUSG00000061132",-1.58538431628714,-1.02512327500127,13.8973999318859,0.000193065365086015,0.0160833700374973
"ENSMUSG00000004798",-0.5995319237679,4.93912222143099,13.8723704955379,0.000195653749403536,0.0162271944494289
"ENSMUSG00000022751",-0.702659938215393,4.73717503541994,13.86072067394,0.000196870394179207,0.0162564864526839
"ENSMUSG00000034774",-1.72152255963574,1.11535612105058,13.7726481725304,0.000206318272630362,0.0169622450603136
"ENSMUSG00000001630",-0.791066305750495,2.77993614311074,13.757535576161,0.000207984787026371,0.0170249112406325
"ENSMUSG00000067071",-1.08234164387734,3.83814858772873,13.7160093816132,0.000212634184390699,0.0172019323080455
"ENSMUSG00000091144",0.840641651601884,1.14106924602541,13.7143140704936,0.00021282620573111,0.0172019323080455
"ENSMUSG00000111202",1.23691532970876,5.65171629386247,13.713765151959,0.000212888417048632,0.0172019323080455
"ENSMUSG00000034731",1.33415198609765,0.0300927763116031,13.6872277952974,0.000215917968046158,0.017268587462549
"ENSMUSG00000105353",1.22685955697613,5.75543772990909,13.6834555193939,0.000216352129822679,0.017268587462549
"ENSMUSG00000034765",1.42362477884142,-0.942223971167122,13.6811734503925,0.000216615206434884,0.017268587462549
"ENSMUSG00000033715",-1.3096641846447,7.13001098446565,13.6745357854722,0.000217382229172153,0.017268587462549
"ENSMUSG00000031924",-1.21025943775645,7.34786137946935,13.6558530503611,0.0002195558569989,0.017367975292934
"ENSMUSG00000030107",1.10020065573356,2.473469859545,13.6089166658596,0.000225113755474069,0.0177331241602941
"ENSMUSG00000087382",1.28892906725482,1.3929727303096,13.5891722936845,0.00022749391606762,0.0178459498241879
"ENSMUSG00000037541",-1.24218078943058,1.79166558699681,13.575454390095,0.000229162507702445,0.017902251172257
"ENSMUSG00000021226",2.06494192030598,4.0104266137049,13.5309862448413,0.000234656699878968,0.0182557094571129
"ENSMUSG00000053038",-0.844570532252603,2.57833125871258,13.5159596178086,0.000236543143408393,0.0183267397569951
"ENSMUSG00000033105",-1.3228398698603,4.01973641510179,13.4756779849022,0.00024167584772135,0.018647668791188
"ENSMUSG00000026097",-0.736843268175703,3.10421409844217,13.4622939745914,0.000243405969520227,0.0186662464422372
"ENSMUSG00000111942",-0.853285261276789,4.63499574836485,13.45849335353,0.000243899539214445,0.0186662464422372
"ENSMUSG00000049892",1.85363072288209,-1.02812271804677,13.4408618983108,0.000246202484062688,0.0187662112042439
"ENSMUSG00000022797",1.11001529938896,4.69493519480547,13.4219636091068,0.00024869523776819,0.0187992056143454
"ENSMUSG00000020689",0.809226468051034,2.25297704397036,13.4156289221573,0.000249536485816107,0.0187992056143454
"ENSMUSG00000030670",-1.14509555639432,2.23945713966598,13.4149191377591,0.000249630923863937,0.0187992056143454
"ENSMUSG00000032066",-0.914868897167761,2.60067296653894,13.3656282727871,0.000256278045163622,0.0192228954434084
"ENSMUSG00000047517",-6.34478753287588,3.06587226381888,13.3503744593463,0.000258371028840089,0.0193029815871919
"ENSMUSG00000023057",0.788832062883181,4.57472854336447,13.3269404211967,0.000261620041296093,0.0194684605434053
"ENSMUSG00000032315",-1.23351313459001,2.75786810386301,13.3125541375173,0.000263634996586104,0.0195411656721519
"ENSMUSG00000022562",0.662190333287582,6.04718255666209,13.2945476445435,0.000266179058962944,0.0196297898552965
"ENSMUSG00000080054",-1.71691170119224,1.04535195569862,13.2829330864769,0.000267833145601974,0.0196297898552965
"ENSMUSG00000030695",0.622453750264135,5.56538801884073,13.2820553424099,0.000267958569756796,0.0196297898552965
"ENSMUSG00000031767",-1.43376609927495,7.41621105956232,13.2579873420261,0.00027142090250269,0.0198063617496828
"ENSMUSG00000033629",0.626460388495315,6.8379109492271,13.2315712565222,0.000275272958307552,0.0199839112107748
"ENSMUSG00000018900",1.04831115058932,4.24207728375286,13.2267842234771,0.000275976890359667,0.0199839112107748
"ENSMUSG00000071172",0.632791852844963,4.79517724583723,13.2149814701505,0.00027772024471567,0.0200330997979384
"ENSMUSG00000108368",1.26274973627578,3.82151680112315,13.1974800315774,0.000280325794775664,0.0200475191862776
"ENSMUSG00000015093",-2.66736854724843,-2.02668034054946,13.1963242447215,0.000280498728994917,0.0200475191862776
"ENSMUSG00000012350",-1.85379333104351,-1.05627081414513,13.1799984131902,0.000282952996032092,0.0200475191862776
"ENSMUSG00000004768",-0.923319454561991,1.20198123825554,13.1740884812061,0.000283846764679351,0.0200475191862776
"ENSMUSG00000020275",0.737885773206019,2.12355671058162,13.1705153491131,0.000284388515214478,0.0200475191862776
"ENSMUSG00000096385",4.40628069223902,-0.653365521677546,13.1676382783606,0.00028482548789956,0.0200475191862776
"ENSMUSG00000069456",0.624096012340222,6.30561199337846,13.1610269195316,0.000285832194926431,0.0200475191862776
"ENSMUSG00000025271",0.615110186665579,3.62216246257772,13.1570546968538,0.000286438766723783,0.0200475191862776
"ENSMUSG00000011305",1.26039093432342,5.39582319071881,13.1166062732529,0.000292689752786257,0.0204091480581735
"ENSMUSG00000097230",0.84765001751399,1.97745532925161,13.0996246885687,0.000295354945192982,0.0204744251261355
"ENSMUSG00000020911",-2.82739357305841,-1.08552899419147,13.0938366359792,0.000296268937067158,0.0204744251261355
"ENSMUSG00000061613",0.612125640614491,2.55366962928748,13.0899239269198,0.00029688840810724,0.0204744251261355
"ENSMUSG00000074825",-0.829662095166486,1.8454720292739,13.0643346581507,0.000300972097054823,0.0206802980702597
"ENSMUSG00000032602",0.67534732622384,5.85390177341143,13.0415258556152,0.000304659779419164,0.0208575624259076
"ENSMUSG00000001946",0.644785477411127,2.37262097170782,13.0142456368416,0.000309130272653106,0.0210520989916763
"ENSMUSG00000054932",-1.76243369810015,-0.938560259089494,13.0105697537104,0.000309737686338468,0.0210520989916763
"ENSMUSG00000001627",0.691507900980084,2.51113800430627,12.9744736793669,0.000315766612642411,0.0213348535847589
"ENSMUSG00000021281",-0.705523943553253,3.33504112569902,12.9721175079911,0.000316164240194813,0.0213348535847589
"ENSMUSG00000059447",0.705677111706373,7.0057235162825,12.9517498584738,0.000319622599756842,0.0214911953057931
"ENSMUSG00000032300",1.00017501245933,2.58416492922384,12.9436726278831,0.000321004627042499,0.0215073100118474
"ENSMUSG00000059743",-2.29024676602957,4.05095134399659,12.9243739223985,0.000324331114821336,0.021653127300501
"ENSMUSG00000025278",0.660473111872616,6.25605272371828,12.9089160823489,0.000327020614249222,0.0217555374716258
"ENSMUSG00000020205",1.18546223048643,3.12476709308427,12.878517948636,0.00033237534635607,0.0219678659103922
"ENSMUSG00000110344",0.913069589642996,1.32533095703706,12.8771563072724,0.000332617262329742,0.0219678659103922
"ENSMUSG00000034858",0.811336073012561,6.04992872063317,12.8710028386203,0.000333712734390618,0.0219678659103922
"ENSMUSG00000106456",-1.65461892506981,1.28341303108714,12.8536342263873,0.000336824451981264,0.0220332578622752
"ENSMUSG00000021336",-0.908480138873308,3.28893100215212,12.8523998941636,0.000337046702307073,0.0220332578622752
"ENSMUSG00000068747",-1.13101208506783,3.03363274563709,12.8078985906967,0.000345159038741002,0.0224225484632393
"ENSMUSG00000047909",0.632962150951004,1.36805840584527,12.8066812049751,0.000345383707140777,0.0224225484632393
"ENSMUSG00000111388",-0.896619739638673,1.98561856269288,12.7904033459343,0.000348401992938322,0.0225407708627141
"ENSMUSG00000100094",-1.17149662120628,3.07107735544527,12.7615133522949,0.000353824512140864,0.02272926076506
"ENSMUSG00000026870",-0.653256211162804,3.2969605857271,12.7559421309845,0.0003548799542791,0.02272926076506
"ENSMUSG00000042251",-0.601337094230631,5.0339912498538,12.7530762051064,0.000355424126932014,0.02272926076506
"ENSMUSG00000063652",1.01389102033906,2.52776914307516,12.7491162787373,0.000356177409868872,0.02272926076506
"ENSMUSG00000039529",-0.534235852178852,4.64012646974897,12.7429597758136,0.000357351738803727,0.02272926076506
"ENSMUSG00000093656",1.30097097880803,-0.673492749540423,12.7262789062416,0.000360553211437873,0.0227792677855692
"ENSMUSG00000028712",2.3313938350873,7.3250196526959,12.7262550780684,0.000360557805284943,0.0227792677855692
"ENSMUSG00000090306",-1.05438890117812,3.76424488766552,12.7069307274965,0.00036430286297839,0.0228637292183836
"ENSMUSG00000000326",-0.869572771558438,7.27362533768158,12.701836495016,0.000365296643123875,0.0228637292183836
"ENSMUSG00000029422",0.508938588974704,3.65799156499469,12.6987944645349,0.000365891384229966,0.0228637292183836
"ENSMUSG00000090136",-0.971162545343117,2.95894904970219,12.6943996233894,0.000366752335685549,0.0228637292183836
"ENSMUSG00000022041",1.4790937174834,2.2885523318686,12.6817000756559,0.000369251683644758,0.0229435691352471
"ENSMUSG00000072949",2.01749485008694,4.91799241487468,12.6569240421755,0.000374177321034633,0.023173146128681
"ENSMUSG00000030089",1.35687928440922,1.12240787334993,12.6343141675835,0.000378730131743763,0.0233782039027535
"ENSMUSG00000036858",-0.791433537533639,2.41617927134987,12.6274329674765,0.000380126816732338,0.0233877371850318
"ENSMUSG00000047728",-0.634396469952554,5.51089467077371,12.6194715262105,0.000381749243868176,0.0234110521638637
"ENSMUSG00000112850",2.33428513952566,-1.24477728850377,12.6060372849911,0.000384502802824501,0.0235033580155093
"ENSMUSG00000028207",-0.491558369298111,3.96423056555126,12.5884359906557,0.00038814080955726,0.0236489547622477
"ENSMUSG00000025190",1.14160911301638,7.46754814579287,12.5492026965085,0.000396375387779512,0.024072772341048
"ENSMUSG00000068762",-1.32456196089619,4.30808660170959,12.5283276193146,0.000400828409732769,0.0242649404181313
"ENSMUSG00000026003",0.595794594870732,5.13862524315961,12.5121881718762,0.000404305804701731,0.0243970044394856
"ENSMUSG00000094092",-1.43082147289913,0.705118396523094,12.4840206426774,0.000410447836892292,0.0246215961615438
"ENSMUSG00000028525",-1.08627186537617,2.74149695502071,12.4752854637935,0.000412371631892588,0.0246215961615438
"ENSMUSG00000034708",0.719384929251199,6.45585580816485,12.4746302802158,0.000412516292686637,0.0246215961615438
"ENSMUSG00000057110",0.775412565728453,3.59420178872804,12.4712708021292,0.000413258850961271,0.0246215961615438
"ENSMUSG00000030945",-1.5360872341187,-0.021323039095021,12.4455859455059,0.000418980823313701,0.0248225722397086
"ENSMUSG00000008855",-0.504434885491966,3.36015147845824,12.4386455753528,0.000420540644190266,0.0248225722397086
"ENSMUSG00000063929",2.26949927769964,7.69879652626878,12.4384375690489,0.000420587483107613,0.0248225722397086
"ENSMUSG00000037465",0.981483482111592,3.55390244985474,12.3946257284714,0.000430571287787695,0.0253323926099342
"ENSMUSG00000055850",-0.467657851402716,4.49089552542947,12.3298629242242,0.000445769140062715,0.026073215139736
"ENSMUSG00000009647",-0.576854067835609,2.64889983215255,12.3291780542109,0.000445932717639293,0.026073215139736
"ENSMUSG00000025813",-0.841682874261764,3.17514284348916,12.3087800193168,0.000450832546980764,0.0262780940000212
"ENSMUSG00000028035",0.65533483135676,4.8543758963124,12.2935649201027,0.000454522723802584,0.0264114176575038
"ENSMUSG00000004789",0.621785178242723,6.56299688986928,12.2410241368775,0.000467501621958961,0.0270820093434504
"ENSMUSG00000041939",-1.40847625001898,2.50742567325024,12.2347732825573,0.000469070431729761,0.0270895368655712
"ENSMUSG00000056131",1.09545478397819,2.88556586717676,12.2165647390395,0.000473670671182083,0.0272715526799544
"ENSMUSG00000099406",0.825779374537391,4.21664583698013,12.1780031402953,0.000483563829093789,0.0277562689339901
"ENSMUSG00000006538",-2.61526942179328,-0.99016123574349,12.1651415893695,0.000486909687778069,0.0277943834467498
"ENSMUSG00000012187",2.11919443749655,-1.70459930718347,12.1641046361574,0.000487180460903354,0.0277943834467498
"ENSMUSG00000000303",-0.814644191287657,4.27810371842519,12.15198722729,0.000490355891284918,0.0278910282937195
"ENSMUSG00000046916",-1.12599158306485,0.397462261815977,12.1356709914129,0.000494664674645025,0.0280105460869041
"ENSMUSG00000057722",1.60359744408806,2.75203504109635,12.1212189586736,0.000498513065713388,0.0280105460869041
"ENSMUSG00000025533",1.13737335556004,8.35011786658534,12.1169684252843,0.000499650668809109,0.0280105460869041
"ENSMUSG00000035129",-1.57326086102829,2.22965986971664,12.1161360246551,0.00049987375724295,0.0280105460869041
"ENSMUSG00000102827",-1.54100461267895,-0.178567667497859,12.1124547545198,0.000500861566124384,0.0280105460869041
"ENSMUSG00000066357",-1.04311816727738,2.14585021323332,12.1105112614169,0.000501383865261947,0.0280105460869041
"ENSMUSG00000083337",-0.973648517188718,2.0835258902823,12.0939227151843,0.000505864343510916,0.0280606731984773
"ENSMUSG00000063704",-1.36106349110063,0.117599233594175,12.0887433088237,0.000507271535977136,0.0280606731984773
"ENSMUSG00000031349",-2.17083156516475,3.93723116517019,12.0830250654098,0.000508829714664672,0.0280606731984773
"ENSMUSG00000057990",-1.2048535419548,4.00351139355357,12.0813744597869,0.00050928039027093,0.0280606731984773
"ENSMUSG00000022270",0.835415596362769,6.40881393866938,12.0770029006486,0.000510475933127449,0.0280606731984773
"ENSMUSG00000028715",3.20673983999477,10.2770242570568,12.0737306050919,0.00051137270072362,0.0280606731984773
"ENSMUSG00000022388",1.95780742365313,-1.83869636552089,12.0688460276381,0.000512714271008455,0.0280606731984773
"ENSMUSG00000043085",0.589940327953707,2.54915312127731,12.0445371305464,0.000519443837766094,0.0282671014099764
"ENSMUSG00000026853",1.27708046798369,4.85123099894654,12.0443755104798,0.000519488877030426,0.0282671014099764
"ENSMUSG00000022951",0.931059650645004,4.07782786509553,12.034695389737,0.000522193673389133,0.0283323927633925
"ENSMUSG00000048503",1.27572849506849,-0.971933451430208,12.0243071989648,0.000525112133314228,0.0284088682008821
"ENSMUSG00000038121",-0.734325778117415,5.84112626360955,12.0019293540701,0.000531455030172037,0.0286365390446187
"ENSMUSG00000026848",0.61770357084914,4.58638200444481,11.9984481692955,0.000532448684405257,0.0286365390446187
"ENSMUSG00000111515",-1.7175873274352,1.23367030431547,11.9904157223134,0.000534748593306073,0.0286365390446187
"ENSMUSG00000089827",1.40491280269662,1.22847049068085,11.9881311283299,0.000535404564917714,0.0286365390446187
"ENSMUSG00000083190",3.10393933451017,3.10709810135753,11.9511013546808,0.000546150871768604,0.0291285622175283
"ENSMUSG00000027502",0.636784074729067,4.87799196974037,11.9298670823593,0.000552411179757618,0.0293792239584652
"ENSMUSG00000032018",-1.11119356215667,7.08999939463782,11.9196110250851,0.000555460776691302,0.0294581973035694
"ENSMUSG00000042540",2.12476363509767,1.48136843082026,11.9094639270442,0.000558494702401022,0.0294984834251443
"ENSMUSG00000002984",0.518895094287486,3.2470723327197,11.9065999343691,0.000559354043808176,0.0294984834251443
"ENSMUSG00000030259",-0.563541014747883,3.81007012918003,11.8773964179484,0.000568193138628594,0.0298809279915099
"ENSMUSG00000022885",-0.831851058592031,5.23214190722737,11.8533459070668,0.000575578371783025,0.0301721978610544
"ENSMUSG00000029575",-1.14490242207492,2.80186353841757,11.8442248269217,0.00057840448019789,0.0301721978610544
"ENSMUSG00000098048",-1.38109268284926,1.32271727337993,11.8437901416446,0.000578539513881163,0.0301721978610544
"ENSMUSG00000031645",-0.935981515894724,3.75953601140845,11.8328658869359,0.000581943572856674,0.0302658885253387
"ENSMUSG00000006736",0.562174141995022,5.73125524522002,11.8136167045689,0.000587991016720235,0.0304955257828636
"ENSMUSG00000001525",-0.561712545275816,4.57642318400217,11.8085335951016,0.000589598522598521,0.0304955257828636
"ENSMUSG00000063235",0.514981372697974,4.08987672174027,11.8028389574236,0.00059140469214861,0.0305051401070737
"ENSMUSG00000015312",2.0276510327344,1.09788847520811,11.7883639023497,0.000596020939474234,0.0306592519876541
"ENSMUSG00000107369",-1.35398485534277,4.59851272196899,11.7632525712772,0.000604115691844514,0.0309909703824432
"ENSMUSG00000004038",-1.81084381382417,3.92736787452295,11.7467077176661,0.000609509580967713,0.0311827089154324
"ENSMUSG00000026304",-0.596682669958208,2.41314076100546,11.741451788233,0.000611233257340899,0.0311861477939217
"ENSMUSG00000062908",0.859869263436217,7.615684773266,11.7247520224271,0.000616742663914451,0.0313822003608577
"ENSMUSG00000032028",-1.11465333803123,2.44728496659364,11.7045037774971,0.000623490061275057,0.0316400199019555
"ENSMUSG00000010651",1.08181189104067,7.81435755990472,11.6953747984253,0.00062655647949861,0.0317101581707536
"ENSMUSG00000111693",-2.09361926780739,-1.39623791112001,11.6841487858693,0.000630348179060319,0.0318165285983073
"ENSMUSG00000066026",-0.656939864765025,5.09431263334078,11.6741623328183,0.000633740678158754,0.0318737624974913
"ENSMUSG00000067144",-1.40023394452412,1.5529301019472,11.6708556271166,0.000634868058456433,0.0318737624974913
"ENSMUSG00000038751",-1.73903369824221,-0.584397406083717,11.6576598670999,0.000639387195101439,0.0319702846271416
"ENSMUSG00000053898",0.710046686169318,6.98888192388412,11.6553347878549,0.000640186822352599,0.0319702846271416
"ENSMUSG00000068874",-1.23784798032162,7.56195821318988,11.6354995364449,0.000647049635403926,0.0322275224490733
"ENSMUSG00000059659",-1.85259667089184,-0.310194776023221,11.6202074581688,0.000652391240293329,0.0323248583055365
"ENSMUSG00000030827",2.81915162525388,0.0551208237291254,11.620074768666,0.000652437783826624,0.0323248583055365
"ENSMUSG00000048949",-0.610561756826325,3.47240708789631,11.6114851509879,0.000655457913152301,0.0323892549367936
"ENSMUSG00000081251",-1.2058873014079,4.87061857248098,11.5992940161153,0.000659768603378221,0.0325169201460779
"ENSMUSG00000022540",0.927510761770769,2.36862513147497,11.5848497178131,0.000664913073948861,0.032684904551528
"ENSMUSG00000108438",-1.29423638644153,-0.57095803590096,11.5720405796028,0.000669509056008543,0.0328251223892522
"ENSMUSG00000003053",-1.34985884778875,8.52902265031567,11.5511296404761,0.000677081062373714,0.0331101432761296
"ENSMUSG00000080205",-1.99690075665198,-0.382131766744994,11.5374555823153,0.00068207926142403,0.0332681509192493
"ENSMUSG00000098678",2.71766616600882,-2.0970877689805,11.5165903731088,0.000689777925138926,0.0334924746757144
"ENSMUSG00000026640",-0.721337470996634,3.87848353107525,11.5153553050208,0.00069023637192209,0.0334924746757144
"ENSMUSG00000112794",-1.63338729422857,-1.01731419643662,11.482711418531,0.000702465729914115,0.0339982578331441
"ENSMUSG00000033066",-0.900445484694419,1.32762629664435,11.4667560723513,0.00070852247915887,0.0340844816603555
"ENSMUSG00000082196",-1.12917839440848,1.71500087678708,11.4641165182062,0.000709529544217888,0.0340844816603555
"ENSMUSG00000086721",-1.15082279146349,2.3324116647172,11.461378932081,0.000710575538927609,0.0340844816603555
"ENSMUSG00000026409",0.59238962885622,3.26887124279684,11.4589918348623,0.000711488887901404,0.0340844816603555
"ENSMUSG00000066072",2.38341375664999,10.1529566746854,11.4296439438649,0.0007228153589489,0.0345391999059161
"ENSMUSG00000030934",0.895459581373682,8.83420109734291,11.4235969329388,0.000725171672142314,0.034564068535249
"ENSMUSG00000105928",-1.03547440576902,0.301899824081004,11.3998792524745,0.000734488798595967,0.0348853317880418
"ENSMUSG00000041798",-1.22748206293341,6.09912916819962,11.3970258830459,0.000735617821206384,0.0348853317880418
"ENSMUSG00000081023",-1.23991572055157,0.253651976617048,11.3786876020856,0.000742915888141575,0.0351429081056317
"ENSMUSG00000042579",0.830273844519924,1.10171536414297,11.3439797642935,0.000756929408218237,0.0356349892833093
"ENSMUSG00000030787",0.951809722609246,3.30113027422781,11.3435516214534,0.000757103931233001,0.0356349892833093
"ENSMUSG00000033102",-0.682388151426175,3.57677997147247,11.3313646298143,0.00076208877768976,0.0357801631360726
"ENSMUSG00000099858",-0.848361675456264,6.88983129062721,11.3257906571987,0.00076437974025735,0.0357984511687192
"ENSMUSG00000041926",-0.470519869646159,3.20716297521697,11.3132631801072,0.000769554096880497,0.0359513523125784
"ENSMUSG00000091831",-2.30606619356498,-0.562971579531973,11.3011050644546,0.000774609736069142,0.0360979641113211
"ENSMUSG00000040297",0.617971986389851,3.78603051043186,11.2877425226471,0.000780204929537639,0.0362258238386476
"ENSMUSG00000110720",1.28750792971882,5.01958568253845,11.2853721737375,0.000781201703855683,0.0362258238386476
"ENSMUSG00000019996",0.4887443185106,3.47284699346639,11.2788398136732,0.000783955343694583,0.0362641947315428
"ENSMUSG00000107552",-1.19074873810876,-0.765309541200783,11.2328004167932,0.000803642924640772,0.0370837876034603
"ENSMUSG00000021620",0.618874378030624,5.82168474721796,11.2275872255309,0.000805903477375217,0.0370971754732108
"ENSMUSG00000025041",0.651044211399629,2.27340515899192,11.2173157923058,0.000810376215136412,0.0372120804935932
"ENSMUSG00000024352",1.44624567448271,-1.01822953948857,11.2056150467413,0.000815501929161964,0.0373563377623657
"ENSMUSG00000025002",-2.50962937781528,0.279313145653587,11.1772257284317,0.00082807498229191,0.0377099388562712
"ENSMUSG00000028334",-0.707921212309269,1.59467073723961,11.1740108002812,0.000829511102991941,0.0377099388562712
"ENSMUSG00000040998",1.98507336890801,-1.1561753093528,11.1739966443089,0.00082951743208214,0.0377099388562712
"ENSMUSG00000034245",-0.566273915692479,2.95048163644879,11.1650171062136,0.000833542005934863,0.0377099388562712
"ENSMUSG00000030042",0.594079743259233,3.40358999741276,11.157814451477,0.00083678445125208,0.0377099388562712
"ENSMUSG00000027952",-1.25705309531031,3.31198106486854,11.1569360914132,0.000837180736928212,0.0377099388562712
"ENSMUSG00000071350",1.01518175652056,3.08015093298918,11.1525640623723,0.000839156068854497,0.0377099388562712
"ENSMUSG00000033446",-0.576674916220198,2.91998773887674,11.1523676195349,0.000839244934444024,0.0377099388562712
"ENSMUSG00000022528",1.15667177838893,1.98791813688367,11.145259299603,0.000842466959401969,0.0377645843920497
"ENSMUSG00000027559",-1.9489271024332,8.29285975685432,11.1259195778914,0.000851296603428151,0.0380697414554437
"ENSMUSG00000027215",-0.532416508588935,3.80640683461663,11.114463757126,0.00085657086804349,0.0382148334897033
"ENSMUSG00000083439",-1.84683774433292,0.748011112008193,11.0750540893207,0.000874968675936155,0.0387535526899962
"ENSMUSG00000108969",1.68088371394473,-0.58995128854928,11.0691810011761,0.000877744434270202,0.0387535526899962
"ENSMUSG00000026098",-0.83736240725594,1.63002322499278,11.0691793987699,0.000877745192818067,0.0387535526899962
"ENSMUSG00000026849",0.547264022128222,3.85858259361979,11.0670372420126,0.000878759840936365,0.0387535526899962
"ENSMUSG00000038366",-0.528181593245587,5.03358929446971,11.0634614255889,0.000880456194536602,0.0387535526899962
"ENSMUSG00000028223",0.631848041332241,6.3168812680458,11.062324016728,0.000880996470564529,0.0387535526899962
"ENSMUSG00000037966",-0.418352406918364,4.45289305492206,11.0517632004903,0.00088602895147191,0.0388840724227544
"ENSMUSG00000109266",-2.68380672055604,-1.16898149785533,11.0437848624038,0.000889850081424991,0.0389609476348565
"ENSMUSG00000038233",-1.37670510224979,0.1364188333717,11.0362827852866,0.000893458308077339,0.0390281660468029
"ENSMUSG00000020919",-0.471365915811326,4.63257216137715,11.0223387766524,0.000900204212392295,0.0390676959422502
"ENSMUSG00000033720",-0.587631095211809,3.42194592980055,11.0204621803296,0.000901116004542617,0.0390676959422502
"ENSMUSG00000078153",-0.748780574202008,2.92932005021163,11.0201552951647,0.000901265201320264,0.0390676959422502
"ENSMUSG00000033174",0.855431953667505,6.61770056941038,11.017281386294,0.000902663607312839,0.0390676959422502
"ENSMUSG00000037798",1.21884714089667,11.9728935478402,11.0016600711369,0.000910303188987419,0.0391999045820424
"ENSMUSG00000109891",1.98016805154703,-1.84274523868122,11.0005871211238,0.000910830306449162,0.0391999045820424
"ENSMUSG00000044676",0.799320530606966,2.51123704038754,10.9960967040271,0.000913039702884082,0.0391999045820424
"ENSMUSG00000021275",-0.500631784029132,2.71367824322231,10.9940536122535,0.000914046747305287,0.0391999045820424
"ENSMUSG00000022040",0.827025357311137,8.68156671713414,10.9842467220568,0.000918896238893922,0.0393183170219451
"ENSMUSG00000042333",-1.14984604441516,-0.1473568096997,10.9445495430676,0.000938793674916378,0.0400187195549925
"ENSMUSG00000055912",-0.773707173017134,3.69579177136447,10.9431238275732,0.000939516335226361,0.0400187195549925
"ENSMUSG00000074743",0.882943435138702,2.58875551607016,10.9221398483839,0.000950217895885407,0.0403831880944347
"ENSMUSG00000019944",0.683364957787899,5.03106112525706,10.9017547737059,0.000960732048153646,0.0406475901634974
"ENSMUSG00000032080",2.4028266764223,7.51684635304293,10.9017060934676,0.000960757296582374,0.0406475901634974
"ENSMUSG00000005803",-0.590628381934645,5.75202815445219,10.8902599471604,0.000966712604423868,0.040786567867934
"ENSMUSG00000102545",2.07370894722686,-1.98659659872345,10.8854113941002,0.000969246496378203,0.040786567867934
"ENSMUSG00000031790",-0.822720325366526,3.28863411483342,10.8825397706056,0.000970750394999333,0.040786567867934
"ENSMUSG00000112351",-2.27256175813906,0.0445579485307065,10.8770747729612,0.000973618991577544,0.040786567867934
"ENSMUSG00000034584",-0.520892794869603,4.17851520935585,10.8746886825339,0.000974874145672188,0.040786567867934
"ENSMUSG00000042099",0.718625252877858,1.15844679078217,10.8576795261701,0.000983868997114119,0.04098254015101
"ENSMUSG00000086010",-1.24657867696446,-0.0336637900677523,10.8525406582654,0.000986603027529133,0.04098254015101
"ENSMUSG00000042348",0.5934868038376,2.62378978886319,10.8496148128449,0.000988163095286739,0.04098254015101
"ENSMUSG00000102525",-1.97980038380999,0.966019882038738,10.8492140144046,0.000988376996148645,0.04098254015101
"ENSMUSG00000068130",-0.931438357763187,1.08197529414601,10.845348781203,0.000990442224927473,0.04098254015101
"ENSMUSG00000037296",0.56433387786411,2.18603118387429,10.8379002563656,0.000994434354300482,0.0410574903254719
"ENSMUSG00000026116",0.487029318322028,3.96983932583102,10.8265737562079,0.00100053614135891,0.0412190239242105
"ENSMUSG00000111814",-3.77850791756231,-1.98606328816478,10.8145391226494,0.00100706090758738,0.0413394650606959
"ENSMUSG00000024747",-0.565100954957178,6.33691183056742,10.8130868288193,0.00100785119577518,0.0413394650606959
"ENSMUSG00000017057",-0.691261672087196,4.27052798877761,10.7869757278922,0.00102216745268018,0.0418355361556735
"ENSMUSG00000027796",-1.39670830244245,2.45033834579435,10.7545367448043,0.0010402400247954,0.0424828610560153
"ENSMUSG00000033685",0.676528212671006,2.74151733066037,10.722267552855,0.00105853869946701,0.0430591741070632
"ENSMUSG00000061928",-1.34789503139275,-0.560992460955684,10.7215908759425,0.00105892588365487,0.0430591741070632
"ENSMUSG00000024799",-0.667209478100656,4.89833281148533,10.712589236892,0.00106409013210743,0.0431305347147652
"ENSMUSG00000031844",-0.799650211257715,5.61206004793608,10.7105517305381,0.00106526258258702,0.0431305347147652
"ENSMUSG00000020898",-0.855906112562201,0.819408072411243,10.6813917718542,0.00108218610489666,0.0437217120104925
"ENSMUSG00000063902",-0.786932340402126,4.37349664638991,10.6773517231352,0.00108455217602096,0.0437234771262241
"ENSMUSG00000042246",0.836172105548801,2.04814483375472,10.6667847816699,0.00109076552157273,0.0438800052877131
"ENSMUSG00000029440",0.651956657118477,3.66556771891987,10.6593211531629,0.00109517581079801,0.0439634861191772
"ENSMUSG00000027579",-1.4746856378228,-1.0362048983254,10.6476836565694,0.00110208847592618,0.0441468505026855
"ENSMUSG00000066543",-0.767332195144169,4.23035655762647,10.6321118616792,0.00111140720966326,0.0444256126036736
"ENSMUSG00000025464",-0.813134184381268,3.68833169062578,10.6183612636408,0.0011197023279564,0.0446623638314303
"ENSMUSG00000027605",-0.979692652179362,5.27756652504613,10.6070889422982,0.00112654911298728,0.044840465433851
"ENSMUSG00000064254",-0.546669909032775,3.67230986048747,10.6003986961797,0.00113063276831362,0.0449080656730813
"ENSMUSG00000054720",0.517878883201444,2.25790570002055,10.5851304830661,0.00114000850271163,0.0451851370116879
"ENSMUSG00000027186",-1.31479415939977,-1.18675943835946,10.5665430940127,0.00115152868115467,0.0454993020820596
"ENSMUSG00000028410",0.599378450592759,7.15591795136256,10.5645543796925,0.00115276821018444,0.0454993020820596
"ENSMUSG00000041594",-1.3221491621401,0.287077179032027,10.5510170931642,0.00116124169840802,0.04573786078646
"ENSMUSG00000020023",0.663342515195466,3.13055114212748,10.5366168350675,0.00117032454107296,0.0459993739765777
"ENSMUSG00000083707",-1.21361340486132,-0.101868347237039,10.5323091882146,0.00117305549567544,0.0460106579522532
"ENSMUSG00000021210",-1.00419424554336,7.86323784119085,10.5076496288656,0.00118881370183053,0.0463848689167036
"ENSMUSG00000087034",-1.21668301395339,-1.06493827978337,10.5072433808458,0.00118907509227794,0.0463848689167036
"ENSMUSG00000027076",0.540340627148934,2.71963045867475,10.5058262875629,0.00118998734194337,0.0463848689167036
"ENSMUSG00000002831",1.20539029279385,3.35130681794676,10.4683885962776,0.00121434595418389,0.0472365522302067
"ENSMUSG00000036606",-0.422689274749446,6.06872523127219,10.4626987088062,0.0012180919655932,0.0472824378592915
"ENSMUSG00000024132",0.634896169209025,5.39298955430645,10.4556715758845,0.00122273451340388,0.0472824378592915
"ENSMUSG00000082791",-1.38616030053245,-0.386209613462796,10.4551801918983,0.00122305982033648,0.0472824378592915
"ENSMUSG00000020089",0.685586124800957,6.05431286172242,10.4469364973947,0.00122853040456492,0.047396602308901
"ENSMUSG00000020733",-0.61281698032011,5.6178785599856,10.4321277014111,0.0012384199178019,0.0476242227707168
"ENSMUSG00000092274",0.875266128587081,6.24223346184898,10.4305332329759,0.00123948951812032,0.0476242227707168
"ENSMUSG00000103694",0.950830995242364,0.411211932689508,10.4141172024198,0.00125055622045394,0.0479515722250232
"ENSMUSG00000029369",-0.622471383377078,5.68963533291127,10.4076321512124,0.00125495555902484,0.0480224559141476
"ENSMUSG00000081562",-1.08824823691798,1.7629922133587,10.3814793923197,0.00127285664084566,0.0486086652681565
"ENSMUSG00000000751",-0.464822614021283,3.16502254063638,10.3681870699391,0.00128205382608291,0.0487911759751939
"ENSMUSG00000078502",-1.07467456369136,2.35243009398586,10.3670856390406,0.00128281893598136,0.0487911759751939
"ENSMUSG00000089809",0.582072524075057,3.38842296048715,10.3383585142358,0.00130293831041132,0.0494074676182617
"ENSMUSG00000006014",-1.26017828574266,2.78912087864796,10.3364714427537,0.00130427106848017,0.0494074676182617
